country,station_code,station_name,year,species,sex,determinand,matrix,basis,value,unit,qflag,limit_detection,limit_quantification,uncertainty,unit_uncertainty,sample,subseries,source
Canada,A3,Southern Hudson Bay,2006,Ursus maritimus,F,HG,LI,D,34.42,ug/g,,,,,,A10001,adult_female,Letcher
Canada,A3,Southern Hudson Bay,2006,Ursus maritimus,M,HG,LI,D,49.1,ug/g,,,,,,A10002,adult_male,Letcher
Canada,A3,Southern Hudson Bay,2007,Ursus maritimus,M,HG,LI,D,15.97,ug/g,,,,,,A10003,adult_male,Letcher
Canada,A3,Southern Hudson Bay,2007,Ursus maritimus,M,HG,LI,D,10.83,ug/g,,,,,,A10004,adult_male,Letcher
Canada,A3,Southern Hudson Bay,2007,Ursus maritimus,M,HG,LI,D,15.22,ug/g,,,,,,A10005,adult_male,Letcher
Canada,A3,Southern Hudson Bay,2007,Ursus maritimus,F,HG,LI,D,18.69,ug/g,,,,,,A10006,adult_female,Letcher
Canada,A3,Southern Hudson Bay,2007,Ursus maritimus,M,HG,LI,D,10.17,ug/g,,,,,,A10007,adult_male,Letcher
Canada,A3,Southern Hudson Bay,2007,Ursus maritimus,M,HG,LI,D,20.31,ug/g,,,,,,A10008,adult_male,Letcher
Canada,A3,Southern Hudson Bay,2007,Ursus maritimus,M,HG,LI,D,38.3,ug/g,,,,,,A10009,adult_male,Letcher
Canada,A3,Southern Hudson Bay,2007,Ursus maritimus,I,HG,LI,D,9.82,ug/g,,,,,,A10010,juvenile,Letcher
Canada,A3,Southern Hudson Bay,2007,Ursus maritimus,F,HG,LI,D,19.22,ug/g,,,,,,A10011,adult_female,Letcher
Canada,A3,Southern Hudson Bay,2007,Ursus maritimus,M,HG,LI,D,20.18,ug/g,,,,,,A10012,adult_male,Letcher
Canada,A3,Southern Hudson Bay,2007,Ursus maritimus,M,HG,LI,D,16.34,ug/g,,,,,,A10013,adult_male,Letcher
Canada,A3,Southern Hudson Bay,2007,Ursus maritimus,M,HG,LI,D,10.96,ug/g,,,,,,A10014,adult_male,Letcher
Canada,A3,Southern Hudson Bay,2009,Ursus maritimus,I,HG,LI,D,16.46,ug/g,,,,,,A10015,juvenile,Letcher
Canada,A3,Southern Hudson Bay,2009,Ursus maritimus,I,HG,LI,D,11.93,ug/g,,,,,,A10016,juvenile,Letcher
Canada,A3,Southern Hudson Bay,2009,Ursus maritimus,M,HG,LI,D,12.97,ug/g,,,,,,A10017,adult_male,Letcher
Canada,A3,Southern Hudson Bay,2009,Ursus maritimus,M,HG,LI,D,19.65,ug/g,,,,,,A10018,adult_male,Letcher
Canada,A3,Southern Hudson Bay,2009,Ursus maritimus,M,HG,LI,D,11.83,ug/g,,,,,,A10019,adult_male,Letcher
Canada,A3,Southern Hudson Bay,2009,Ursus maritimus,M,HG,LI,D,11.24,ug/g,,,,,,A10020,adult_male,Letcher
Canada,A3,Southern Hudson Bay,2009,Ursus maritimus,M,HG,LI,D,15.15,ug/g,,,,,,A10021,adult_male,Letcher
Canada,A3,Southern Hudson Bay,2009,Ursus maritimus,M,HG,LI,D,14.32,ug/g,,,,,,A10022,adult_male,Letcher
Canada,A3,Southern Hudson Bay,2009,Ursus maritimus,I,HG,LI,D,16.61,ug/g,,,,,,A10023,juvenile,Letcher
Canada,A3,Southern Hudson Bay,2009,Ursus maritimus,M,HG,LI,D,42.45,ug/g,,,,,,A10024,adult_male,Letcher
Canada,A3,Southern Hudson Bay,2009,Ursus maritimus,F,HG,LI,D,15.94,ug/g,,,,,,A10025,adult_female,Letcher
Canada,A3,Southern Hudson Bay,2009,Ursus maritimus,I,HG,LI,D,48.29,ug/g,,,,,,A10026,juvenile,Letcher
Canada,A3,Southern Hudson Bay,2009,Ursus maritimus,F,HG,LI,D,32.95,ug/g,,,,,,A10027,adult_female,Letcher
Canada,A3,Southern Hudson Bay,2009,Ursus maritimus,I,HG,LI,D,6.34,ug/g,,,,,,A10028,juvenile,Letcher
Canada,A3,Southern Hudson Bay,2009,Ursus maritimus,F,HG,LI,D,21.08,ug/g,,,,,,A10029,adult_female,Letcher
Canada,A3,Southern Hudson Bay,2009,Ursus maritimus,I,HG,LI,D,17.16,ug/g,,,,,,A10030,juvenile,Letcher
Canada,A3,Southern Hudson Bay,2009,Ursus maritimus,I,HG,LI,D,10.86,ug/g,,,,,,A10031,juvenile,Letcher
Canada,A3,Southern Hudson Bay,2009,Ursus maritimus,I,HG,LI,D,7.53,ug/g,,,,,,A10032,juvenile,Letcher
Canada,A3,Southern Hudson Bay,2009,Ursus maritimus,M,HG,LI,D,27.76,ug/g,,,,,,A10033,adult_male,Letcher
Canada,A3,Southern Hudson Bay,2009,Ursus maritimus,M,HG,LI,D,18.73,ug/g,,,,,,A10034,adult_male,Letcher
Canada,A3,Southern Hudson Bay,2009,Ursus maritimus,M,HG,LI,D,24.87,ug/g,,,,,,A10035,adult_male,Letcher
Canada,A3,Southern Hudson Bay,2009,Ursus maritimus,I,HG,LI,D,18.97,ug/g,,,,,,A10036,juvenile,Letcher
Canada,A3,Southern Hudson Bay,2009,Ursus maritimus,M,HG,LI,D,20.56,ug/g,,,,,,A10037,adult_male,Letcher
Canada,A3,Southern Hudson Bay,2009,Ursus maritimus,I,HG,LI,D,21.65,ug/g,,,,,,A10038,juvenile,Letcher
Canada,A3,Southern Hudson Bay,2009,Ursus maritimus,M,HG,LI,D,15.9,ug/g,,,,,,A10039,adult_male,Letcher
Canada,A3,Southern Hudson Bay,2010,Ursus maritimus,M,HG,LI,D,16.42,ug/g,,,,,,A10040,adult_male,Letcher
Canada,A3,Southern Hudson Bay,2010,Ursus maritimus,M,HG,LI,D,17.35,ug/g,,,,,,A10041,adult_male,Letcher
Canada,A3,Southern Hudson Bay,2010,Ursus maritimus,M,HG,LI,D,20.14,ug/g,,,,,,A10042,adult_male,Letcher
Canada,A3,Southern Hudson Bay,2010,Ursus maritimus,I,HG,LI,D,13.65,ug/g,,,,,,A10043,juvenile,Letcher
Canada,A3,Southern Hudson Bay,2010,Ursus maritimus,F,HG,LI,D,29.26,ug/g,,,,,,A10044,adult_female,Letcher
Canada,A3,Southern Hudson Bay,2010,Ursus maritimus,I,HG,LI,D,12.27,ug/g,,,,,,A10045,juvenile,Letcher
Canada,A3,Southern Hudson Bay,2010,Ursus maritimus,I,HG,LI,D,16.87,ug/g,,,,,,A10046,juvenile,Letcher
Canada,A3,Southern Hudson Bay,2010,Ursus maritimus,I,HG,LI,D,10.69,ug/g,,,,,,A10047,juvenile,Letcher
Canada,A3,Southern Hudson Bay,2010,Ursus maritimus,M,HG,LI,D,27.51,ug/g,,,,,,A10048,adult_male,Letcher
Canada,A3,Southern Hudson Bay,2012,Ursus maritimus,M,HG,LI,D,47.35,ug/g,,,,,,A10049,adult_male,Letcher
Canada,A3,Southern Hudson Bay,2012,Ursus maritimus,M,HG,LI,D,15.72,ug/g,,,,,,A10050,adult_male,Letcher
Canada,A3,Southern Hudson Bay,2012,Ursus maritimus,M,HG,LI,D,15.01,ug/g,,,,,,A10051,adult_male,Letcher
Canada,A3,Southern Hudson Bay,2012,Ursus maritimus,M,HG,LI,D,12.18,ug/g,,,,,,A10052,adult_male,Letcher
Canada,A3,Southern Hudson Bay,2012,Ursus maritimus,I,HG,LI,D,8.09,ug/g,,,,,,A10053,juvenile,Letcher
Canada,A3,Southern Hudson Bay,2012,Ursus maritimus,M,HG,LI,D,31.78,ug/g,,,,,,A10054,adult_male,Letcher
Canada,A3,Southern Hudson Bay,2012,Ursus maritimus,I,HG,LI,D,10.06,ug/g,,,,,,A10055,juvenile,Letcher
Canada,A3,Southern Hudson Bay,2012,Ursus maritimus,M,HG,LI,D,32.57,ug/g,,,,,,A10056,adult_male,Letcher
Canada,A3,Southern Hudson Bay,2012,Ursus maritimus,M,HG,LI,D,28.23,ug/g,,,,,,A10057,adult_male,Letcher
Canada,A3,Southern Hudson Bay,2012,Ursus maritimus,M,HG,LI,D,33.68,ug/g,,,,,,A10058,adult_male,Letcher
Canada,A3,Southern Hudson Bay,2012,Ursus maritimus,I,HG,LI,D,11.7,ug/g,,,,,,A10059,juvenile,Letcher
Canada,A3,Southern Hudson Bay,2012,Ursus maritimus,I,HG,LI,D,15.34,ug/g,,,,,,A10060,juvenile,Letcher
Canada,A3,Southern Hudson Bay,2012,Ursus maritimus,I,HG,LI,D,14.36,ug/g,,,,,,A10061,juvenile,Letcher
Canada,A3,Southern Hudson Bay,2012,Ursus maritimus,M,HG,LI,D,18.89,ug/g,,,,,,A10062,adult_male,Letcher
Canada,A3,Southern Hudson Bay,2012,Ursus maritimus,I,HG,LI,D,17.28,ug/g,,,,,,A10063,juvenile,Letcher
Canada,A3,Southern Hudson Bay,2012,Ursus maritimus,F,HG,LI,D,20.78,ug/g,,,,,,A10064,adult_female,Letcher
Canada,A3,Southern Hudson Bay,2012,Ursus maritimus,F,HG,LI,D,20.37,ug/g,,,,,,A10065,adult_female,Letcher
Canada,A3,Southern Hudson Bay,2012,Ursus maritimus,M,HG,LI,D,28.22,ug/g,,,,,,A10066,adult_male,Letcher
Canada,A3,Southern Hudson Bay,2012,Ursus maritimus,I,HG,LI,D,14.25,ug/g,,,,,,A10067,juvenile,Letcher
Canada,A3,Southern Hudson Bay,2012,Ursus maritimus,I,HG,LI,D,10.76,ug/g,,,,,,A10068,juvenile,Letcher
Canada,A3,Southern Hudson Bay,2012,Ursus maritimus,M,HG,LI,D,30.03,ug/g,,,,,,A10069,adult_male,Letcher
Canada,A3,Southern Hudson Bay,2012,Ursus maritimus,M,HG,LI,D,34.34,ug/g,,,,,,A10070,adult_male,Letcher
Canada,A3,Southern Hudson Bay,2012,Ursus maritimus,M,HG,LI,D,23.28,ug/g,,,,,,A10071,adult_male,Letcher
Canada,A3,Southern Hudson Bay,2013,Ursus maritimus,F,HG,LI,D,12.21,ug/g,,,,,,A10072,adult_female,Letcher
Canada,A3,Southern Hudson Bay,2013,Ursus maritimus,M,HG,LI,D,41.87,ug/g,,,,,,A10073,adult_male,Letcher
Canada,A3,Southern Hudson Bay,2013,Ursus maritimus,M,HG,LI,D,12.71,ug/g,,,,,,A10074,adult_male,Letcher
Canada,A3,Southern Hudson Bay,2013,Ursus maritimus,M,HG,LI,D,10.24,ug/g,,,,,,A10075,adult_male,Letcher
Canada,A3,Southern Hudson Bay,2013,Ursus maritimus,I,HG,LI,D,12.67,ug/g,,,,,,A10076,juvenile,Letcher
Canada,A3,Southern Hudson Bay,2013,Ursus maritimus,I,HG,LI,D,15.55,ug/g,,,,,,A10077,juvenile,Letcher
Canada,A3,Southern Hudson Bay,2013,Ursus maritimus,I,HG,LI,D,13.97,ug/g,,,,,,A10078,juvenile,Letcher
Canada,A3,Southern Hudson Bay,2013,Ursus maritimus,M,HG,LI,D,23.86,ug/g,,,,,,A10079,adult_male,Letcher
Canada,A3,Southern Hudson Bay,2013,Ursus maritimus,M,HG,LI,D,16.44,ug/g,,,,,,A10080,adult_male,Letcher
Canada,A3,Southern Hudson Bay,2013,Ursus maritimus,M,HG,LI,D,15.8,ug/g,,,,,,A10081,adult_male,Letcher
Canada,A3,Southern Hudson Bay,2013,Ursus maritimus,M,HG,LI,D,11.44,ug/g,,,,,,A10082,adult_male,Letcher
Canada,A3,Southern Hudson Bay,2013,Ursus maritimus,I,HG,LI,D,4.06,ug/g,,,,,,A10083,juvenile,Letcher
Canada,A3,Southern Hudson Bay,2013,Ursus maritimus,I,HG,LI,D,5.83,ug/g,,,,,,A10084,juvenile,Letcher
Canada,A3,Southern Hudson Bay,2013,Ursus maritimus,F,HG,LI,D,15.39,ug/g,,,,,,A10085,adult_female,Letcher
Canada,A3,Southern Hudson Bay,2013,Ursus maritimus,F,HG,LI,D,9.75,ug/g,,,,,,A10086,adult_female,Letcher
Canada,A3,Southern Hudson Bay,2013,Ursus maritimus,M,HG,LI,D,15.89,ug/g,,,,,,A10087,adult_male,Letcher
Canada,A3,Southern Hudson Bay,2013,Ursus maritimus,M,HG,LI,D,33.28,ug/g,,,,,,A10088,adult_male,Letcher
Canada,A3,Southern Hudson Bay,2013,Ursus maritimus,I,HG,LI,D,10.85,ug/g,,,,,,A10089,juvenile,Letcher
Canada,A3,Southern Hudson Bay,2013,Ursus maritimus,F,HG,LI,D,49.46,ug/g,,,,,,A10090,adult_female,Letcher
Canada,A3,Southern Hudson Bay,2013,Ursus maritimus,I,HG,LI,D,22.12,ug/g,,,,,,A10091,juvenile,Letcher
Canada,A3,Southern Hudson Bay,2013,Ursus maritimus,F,HG,LI,D,12.27,ug/g,,,,,,A10092,adult_female,Letcher
Canada,A3,Southern Hudson Bay,2013,Ursus maritimus,M,HG,LI,D,28.73,ug/g,,,,,,A10093,adult_male,Letcher
Canada,A3,Southern Hudson Bay,2013,Ursus maritimus,M,HG,LI,D,14.98,ug/g,,,,,,A10094,adult_male,Letcher
Canada,A3,Southern Hudson Bay,2013,Ursus maritimus,I,HG,LI,D,14.98,ug/g,,,,,,A10095,juvenile,Letcher
Canada,A3,Southern Hudson Bay,2014,Ursus maritimus,I,HG,LI,D,22.08,ug/g,,,,,,A10096,juvenile,Letcher
Canada,A3,Southern Hudson Bay,2014,Ursus maritimus,M,HG,LI,D,44.47,ug/g,,,,,,A10097,adult_male,Letcher
Canada,A3,Southern Hudson Bay,2014,Ursus maritimus,M,HG,LI,D,19.25,ug/g,,,,,,A10098,adult_male,Letcher
Canada,A3,Southern Hudson Bay,2014,Ursus maritimus,M,HG,LI,D,20.73,ug/g,,,,,,A10099,adult_male,Letcher
Canada,A3,Southern Hudson Bay,2014,Ursus maritimus,M,HG,LI,D,26.69,ug/g,,,,,,A10100,adult_male,Letcher
Canada,A3,Southern Hudson Bay,2014,Ursus maritimus,M,HG,LI,D,16.84,ug/g,,,,,,A10101,adult_male,Letcher
Canada,A3,Southern Hudson Bay,2014,Ursus maritimus,M,HG,LI,D,24.88,ug/g,,,,,,A10102,adult_male,Letcher
Canada,A3,Southern Hudson Bay,2014,Ursus maritimus,M,HG,LI,D,33.83,ug/g,,,,,,A10103,adult_male,Letcher
Canada,A3,Southern Hudson Bay,2014,Ursus maritimus,M,HG,LI,D,42.42,ug/g,,,,,,A10104,adult_male,Letcher
Canada,A3,Southern Hudson Bay,2014,Ursus maritimus,F,HG,LI,D,52.27,ug/g,,,,,,A10105,adult_female,Letcher
Canada,A3,Southern Hudson Bay,2015,Ursus maritimus,M,HG,LI,D,31.4,ug/g,,,,,,A10106,adult_male,Letcher
Canada,A3,Southern Hudson Bay,2015,Ursus maritimus,F,HG,LI,D,24.8,ug/g,,,,,,A10107,adult_female,Letcher
Canada,A3,Southern Hudson Bay,2015,Ursus maritimus,I,HG,LI,D,18.5,ug/g,,,,,,A10108,juvenile,Letcher
Canada,A3,Southern Hudson Bay,2015,Ursus maritimus,M,HG,LI,D,12.3,ug/g,,,,,,A10109,adult_male,Letcher
Canada,A3,Southern Hudson Bay,2015,Ursus maritimus,M,HG,LI,D,23.8,ug/g,,,,,,A10110,adult_male,Letcher
Canada,A3,Southern Hudson Bay,2015,Ursus maritimus,I,HG,LI,D,15.3,ug/g,,,,,,A10111,juvenile,Letcher
Canada,A3,Southern Hudson Bay,2015,Ursus maritimus,M,HG,LI,D,22.2,ug/g,,,,,,A10112,adult_male,Letcher
Canada,A3,Southern Hudson Bay,2015,Ursus maritimus,M,HG,LI,D,19.4,ug/g,,,,,,A10113,adult_male,Letcher
Canada,A3,Southern Hudson Bay,2015,Ursus maritimus,F,HG,LI,D,25.3,ug/g,,,,,,A10114,adult_female,Letcher
Canada,A3,Southern Hudson Bay,2015,Ursus maritimus,M,HG,LI,D,29,ug/g,,,,,,A10115,adult_male,Letcher
Canada,A3,Southern Hudson Bay,2016,Ursus maritimus,F,HG,LI,D,30.2,ug/g,,,,,,A10116,adult_female,Letcher
Canada,A3,Southern Hudson Bay,2016,Ursus maritimus,M,HG,LI,D,17.3,ug/g,,,,,,A10117,adult_male,Letcher
Canada,A3,Southern Hudson Bay,2016,Ursus maritimus,M,HG,LI,D,17.2,ug/g,,,,,,A10118,adult_male,Letcher
Canada,A3,Southern Hudson Bay,2016,Ursus maritimus,M,HG,LI,D,47.6,ug/g,,,,,,A10119,adult_male,Letcher
Canada,A3,Southern Hudson Bay,2016,Ursus maritimus,M,HG,LI,D,34.3,ug/g,,,,,,A10120,adult_male,Letcher
Canada,A3,Southern Hudson Bay,2016,Ursus maritimus,M,HG,LI,D,15.9,ug/g,,,,,,A10121,adult_male,Letcher
Canada,A3,Southern Hudson Bay,2016,Ursus maritimus,M,HG,LI,D,21.1,ug/g,,,,,,A10122,adult_male,Letcher
Canada,A3,Southern Hudson Bay,2016,Ursus maritimus,M,HG,LI,D,16.5,ug/g,,,,,,A10123,adult_male,Letcher
Canada,A3,Southern Hudson Bay,2016,Ursus maritimus,M,HG,LI,D,14,ug/g,,,,,,A10124,adult_male,Letcher
Canada,A3,Southern Hudson Bay,2016,Ursus maritimus,M,HG,LI,D,16.5,ug/g,,,,,,A10125,adult_male,Letcher
Canada,A3,Southern Hudson Bay,2017,Ursus maritimus,F,HG,LI,D,12.3,ug/g,,,,,,A10126,adult_female,Letcher
Canada,A3,Southern Hudson Bay,2017,Ursus maritimus,F,HG,LI,D,17.2,ug/g,,,,,,A10127,adult_female,Letcher
Canada,A3,Southern Hudson Bay,2017,Ursus maritimus,M,HG,LI,D,29.3,ug/g,,,,,,A10128,adult_male,Letcher
Canada,A3,Southern Hudson Bay,2017,Ursus maritimus,M,HG,LI,D,19,ug/g,,,,,,A10129,adult_male,Letcher
Canada,A3,Southern Hudson Bay,2017,Ursus maritimus,M,HG,LI,D,15.8,ug/g,,,,,,A10130,adult_male,Letcher
Canada,A3,Southern Hudson Bay,2017,Ursus maritimus,M,HG,LI,D,12.6,ug/g,,,,,,A10131,adult_male,Letcher
Canada,A3,Southern Hudson Bay,2017,Ursus maritimus,M,HG,LI,D,8.53,ug/g,,,,,,A10132,adult_male,Letcher
Canada,A3,Southern Hudson Bay,2017,Ursus maritimus,M,HG,LI,D,26.3,ug/g,,,,,,A10133,adult_male,Letcher
Canada,A3,Southern Hudson Bay,2017,Ursus maritimus,M,HG,LI,D,21,ug/g,,,,,,A10134,adult_male,Letcher
Canada,A3,Southern Hudson Bay,2017,Ursus maritimus,F,HG,LI,D,22.3,ug/g,,,,,,A10135,adult_female,Letcher
Canada,A6,Western Hudson Bay,2007,Ursus maritimus,I,HG,LI,D,28.31,ug/g,,,,,,A10136,juvenile,Letcher
Canada,A6,Western Hudson Bay,2007,Ursus maritimus,I,HG,LI,D,8.97,ug/g,,,,,,A10137,juvenile,Letcher
Canada,A6,Western Hudson Bay,2007,Ursus maritimus,M,HG,LI,D,31.74,ug/g,,,,,,A10138,adult_male,Letcher
Canada,A6,Western Hudson Bay,2007,Ursus maritimus,M,HG,LI,D,34.06,ug/g,,,,,,A10139,adult_male,Letcher
Canada,A6,Western Hudson Bay,2007,Ursus maritimus,I,HG,LI,D,10.54,ug/g,,,,,,A10140,juvenile,Letcher
Canada,A6,Western Hudson Bay,2007,Ursus maritimus,I,HG,LI,D,18.87,ug/g,,,,,,A10141,juvenile,Letcher
Canada,A6,Western Hudson Bay,2007,Ursus maritimus,F,HG,LI,D,53.86,ug/g,,,,,,A10142,adult_female,Letcher
Canada,A6,Western Hudson Bay,2007,Ursus maritimus,M,HG,LI,D,22.07,ug/g,,,,,,A10143,adult_male,Letcher
Canada,A6,Western Hudson Bay,2007,Ursus maritimus,M,HG,LI,D,6.75,ug/g,,,,,,A10144,adult_male,Letcher
Canada,A6,Western Hudson Bay,2007,Ursus maritimus,M,HG,LI,D,43.66,ug/g,,,,,,A10145,adult_male,Letcher
Canada,A6,Western Hudson Bay,2007,Ursus maritimus,M,HG,LI,D,8.02,ug/g,,,,,,A10146,adult_male,Letcher
Canada,A6,Western Hudson Bay,2009,Ursus maritimus,M,HG,LI,D,21.48,ug/g,,,,,,A10147,adult_male,Letcher
Canada,A6,Western Hudson Bay,2009,Ursus maritimus,I,HG,LI,D,14.09,ug/g,,,,,,A10148,juvenile,Letcher
Canada,A6,Western Hudson Bay,2009,Ursus maritimus,M,HG,LI,D,32.42,ug/g,,,,,,A10149,adult_male,Letcher
Canada,A6,Western Hudson Bay,2009,Ursus maritimus,I,HG,LI,D,15.18,ug/g,,,,,,A10150,juvenile,Letcher
Canada,A6,Western Hudson Bay,2009,Ursus maritimus,M,HG,LI,D,34.19,ug/g,,,,,,A10151,adult_male,Letcher
Canada,A6,Western Hudson Bay,2009,Ursus maritimus,I,HG,LI,D,21.38,ug/g,,,,,,A10152,juvenile,Letcher
Canada,A6,Western Hudson Bay,2009,Ursus maritimus,M,HG,LI,D,37.17,ug/g,,,,,,A10153,adult_male,Letcher
Canada,A6,Western Hudson Bay,2009,Ursus maritimus,I,HG,LI,D,22.43,ug/g,,,,,,A10154,juvenile,Letcher
Canada,A6,Western Hudson Bay,2009,Ursus maritimus,I,HG,LI,D,21.85,ug/g,,,,,,A10155,juvenile,Letcher
Canada,A6,Western Hudson Bay,2010,Ursus maritimus,M,HG,LI,D,20.44,ug/g,,,,,,A10156,adult_male,Letcher
Canada,A6,Western Hudson Bay,2010,Ursus maritimus,F,HG,LI,D,24.91,ug/g,,,,,,A10157,adult_female,Letcher
Canada,A6,Western Hudson Bay,2010,Ursus maritimus,I,HG,LI,D,20.9,ug/g,,,,,,A10158,juvenile,Letcher
Canada,A6,Western Hudson Bay,2011,Ursus maritimus,I,HG,LI,D,37.58,ug/g,,,,,,A10159,juvenile,Letcher
Canada,A6,Western Hudson Bay,2011,Ursus maritimus,M,HG,LI,D,33.61,ug/g,,,,,,A10160,adult_male,Letcher
Canada,A6,Western Hudson Bay,2011,Ursus maritimus,I,HG,LI,D,12.27,ug/g,,,,,,A10161,juvenile,Letcher
Canada,A6,Western Hudson Bay,2011,Ursus maritimus,I,HG,LI,D,42.65,ug/g,,,,,,A10162,juvenile,Letcher
Canada,A6,Western Hudson Bay,2011,Ursus maritimus,I,HG,LI,D,38.59,ug/g,,,,,,A10163,juvenile,Letcher
Canada,A6,Western Hudson Bay,2011,Ursus maritimus,M,HG,LI,D,15.77,ug/g,,,,,,A10164,adult_male,Letcher
Canada,A6,Western Hudson Bay,2011,Ursus maritimus,I,HG,LI,D,13.3,ug/g,,,,,,A10165,juvenile,Letcher
Canada,A6,Western Hudson Bay,2011,Ursus maritimus,I,HG,LI,D,16.41,ug/g,,,,,,A10166,juvenile,Letcher
Canada,A6,Western Hudson Bay,2011,Ursus maritimus,M,HG,LI,D,42.2,ug/g,,,,,,A10167,adult_male,Letcher
Canada,A6,Western Hudson Bay,2012,Ursus maritimus,M,HG,LI,D,27.68,ug/g,,,,,,A10168,adult_male,Letcher
Canada,A6,Western Hudson Bay,2012,Ursus maritimus,M,HG,LI,D,45.37,ug/g,,,,,,A10169,adult_male,Letcher
Canada,A6,Western Hudson Bay,2012,Ursus maritimus,M,HG,LI,D,58.39,ug/g,,,,,,A10170,adult_male,Letcher
Canada,A6,Western Hudson Bay,2012,Ursus maritimus,M,HG,LI,D,76.29,ug/g,,,,,,A10171,adult_male,Letcher
Canada,A6,Western Hudson Bay,2012,Ursus maritimus,M,HG,LI,D,32.7,ug/g,,,,,,A10172,adult_male,Letcher
Canada,A6,Western Hudson Bay,2012,Ursus maritimus,M,HG,LI,D,54,ug/g,,,,,,A10173,adult_male,Letcher
Canada,A6,Western Hudson Bay,2012,Ursus maritimus,I,HG,LI,D,24.41,ug/g,,,,,,A10174,juvenile,Letcher
Canada,A6,Western Hudson Bay,2012,Ursus maritimus,I,HG,LI,D,62.04,ug/g,,,,,,A10175,juvenile,Letcher
Canada,A6,Western Hudson Bay,2012,Ursus maritimus,M,HG,LI,D,36.6,ug/g,,,,,,A10176,adult_male,Letcher
Canada,A6,Western Hudson Bay,2012,Ursus maritimus,I,HG,LI,D,44.63,ug/g,,,,,,A10177,juvenile,Letcher
Canada,A6,Western Hudson Bay,2012,Ursus maritimus,I,HG,LI,D,24.31,ug/g,,,,,,A10178,juvenile,Letcher
Canada,A6,Western Hudson Bay,2012,Ursus maritimus,I,HG,LI,D,21.83,ug/g,,,,,,A10179,juvenile,Letcher
Canada,A6,Western Hudson Bay,2013,Ursus maritimus,M,HG,LI,D,34.51,ug/g,,,,,,A10180,adult_male,Letcher
Canada,A6,Western Hudson Bay,2013,Ursus maritimus,M,HG,LI,D,37.74,ug/g,,,,,,A10181,adult_male,Letcher
Canada,A6,Western Hudson Bay,2013,Ursus maritimus,I,HG,LI,D,15.25,ug/g,,,,,,A10182,juvenile,Letcher
Canada,A6,Western Hudson Bay,2013,Ursus maritimus,I,HG,LI,D,13.14,ug/g,,,,,,A10183,juvenile,Letcher
Canada,A6,Western Hudson Bay,2013,Ursus maritimus,M,HG,LI,D,41.36,ug/g,,,,,,A10184,adult_male,Letcher
Canada,A6,Western Hudson Bay,2013,Ursus maritimus,M,HG,LI,D,11.19,ug/g,,,,,,A10185,adult_male,Letcher
Canada,A6,Western Hudson Bay,2013,Ursus maritimus,I,HG,LI,D,17.2,ug/g,,,,,,A10186,juvenile,Letcher
Canada,A6,Western Hudson Bay,2013,Ursus maritimus,I,HG,LI,D,41,ug/g,,,,,,A10187,juvenile,Letcher
Canada,A6,Western Hudson Bay,2013,Ursus maritimus,M,HG,LI,D,26.48,ug/g,,,,,,A10188,adult_male,Letcher
Canada,A6,Western Hudson Bay,2013,Ursus maritimus,M,HG,LI,D,20.95,ug/g,,,,,,A10189,adult_male,Letcher
Canada,A6,Western Hudson Bay,2013,Ursus maritimus,M,HG,LI,D,22.6,ug/g,,,,,,A10190,adult_male,Letcher
Canada,A6,Western Hudson Bay,2013,Ursus maritimus,M,HG,LI,D,30.24,ug/g,,,,,,A10191,adult_male,Letcher
Canada,A6,Western Hudson Bay,2013,Ursus maritimus,I,HG,LI,D,5.98,ug/g,,,,,,A10192,juvenile,Letcher
Canada,A6,Western Hudson Bay,2013,Ursus maritimus,M,HG,LI,D,44.25,ug/g,,,,,,A10193,adult_male,Letcher
Canada,A6,Western Hudson Bay,2013,Ursus maritimus,I,HG,LI,D,4.58,ug/g,,,,,,A10194,juvenile,Letcher
Canada,A6,Western Hudson Bay,2013,Ursus maritimus,M,HG,LI,D,20.65,ug/g,,,,,,A10195,adult_male,Letcher
Canada,A6,Western Hudson Bay,2013,Ursus maritimus,I,HG,LI,D,15.34,ug/g,,,,,,A10196,juvenile,Letcher
Canada,A6,Western Hudson Bay,2014,Ursus maritimus,F,HG,LI,D,11.89,ug/g,,,,,,A10197,adult_female,Letcher
Canada,A6,Western Hudson Bay,2014,Ursus maritimus,I,HG,LI,D,54.98,ug/g,,,,,,A10198,juvenile,Letcher
Canada,A6,Western Hudson Bay,2014,Ursus maritimus,I,HG,LI,D,11.68,ug/g,,,,,,A10199,juvenile,Letcher
Canada,A6,Western Hudson Bay,2014,Ursus maritimus,F,HG,LI,D,37.87,ug/g,,,,,,A10200,adult_female,Letcher
Canada,A6,Western Hudson Bay,2014,Ursus maritimus,M,HG,LI,D,25.59,ug/g,,,,,,A10201,adult_male,Letcher
Canada,A6,Western Hudson Bay,2014,Ursus maritimus,M,HG,LI,D,36.5,ug/g,,,,,,A10202,adult_male,Letcher
Canada,A6,Western Hudson Bay,2014,Ursus maritimus,F,HG,LI,D,22.43,ug/g,,,,,,A10203,adult_female,Letcher
Canada,A6,Western Hudson Bay,2014,Ursus maritimus,M,HG,LI,D,40.68,ug/g,,,,,,A10204,adult_male,Letcher
Canada,A6,Western Hudson Bay,2014,Ursus maritimus,M,HG,LI,D,80.8,ug/g,,,,,,A10205,adult_male,Letcher
Canada,A6,Western Hudson Bay,2014,Ursus maritimus,F,HG,LI,D,28.8,ug/g,,,,,,A10206,adult_female,Letcher
Canada,A6,Western Hudson Bay,2015,Ursus maritimus,I,HG,LI,D,11,ug/g,,,,,,A10207,juvenile,Letcher
Canada,A6,Western Hudson Bay,2015,Ursus maritimus,F,HG,LI,D,47.3,ug/g,,,,,,A10208,adult_female,Letcher
Canada,A6,Western Hudson Bay,2015,Ursus maritimus,F,HG,LI,D,14.4,ug/g,,,,,,A10209,adult_female,Letcher
Canada,A6,Western Hudson Bay,2015,Ursus maritimus,I,HG,LI,D,7.89,ug/g,,,,,,A10210,juvenile,Letcher
Canada,A6,Western Hudson Bay,2015,Ursus maritimus,M,HG,LI,D,20.8,ug/g,,,,,,A10211,adult_male,Letcher
Canada,A6,Western Hudson Bay,2015,Ursus maritimus,M,HG,LI,D,37.4,ug/g,,,,,,A10212,adult_male,Letcher
Canada,A6,Western Hudson Bay,2015,Ursus maritimus,I,HG,LI,D,29.9,ug/g,,,,,,A10213,juvenile,Letcher
Canada,A6,Western Hudson Bay,2015,Ursus maritimus,F,HG,LI,D,23.4,ug/g,,,,,,A10214,adult_female,Letcher
Canada,A6,Western Hudson Bay,2015,Ursus maritimus,F,HG,LI,D,37.7,ug/g,,,,,,A10215,adult_female,Letcher
Canada,A6,Western Hudson Bay,2016,Ursus maritimus,F,HG,LI,D,12.9,ug/g,,,,,,A10216,adult_female,Letcher
Canada,A6,Western Hudson Bay,2016,Ursus maritimus,F,HG,LI,D,21,ug/g,,,,,,A10217,adult_female,Letcher
Canada,A6,Western Hudson Bay,2016,Ursus maritimus,F,HG,LI,D,15.9,ug/g,,,,,,A10218,adult_female,Letcher
Canada,A6,Western Hudson Bay,2016,Ursus maritimus,F,HG,LI,D,14.7,ug/g,,,,,,A10219,adult_female,Letcher
Canada,A6,Western Hudson Bay,2016,Ursus maritimus,M,HG,LI,D,55.3,ug/g,,,,,,A10220,adult_male,Letcher
Canada,A6,Western Hudson Bay,2016,Ursus maritimus,M,HG,LI,D,42,ug/g,,,,,,A10221,adult_male,Letcher
Canada,A6,Western Hudson Bay,2016,Ursus maritimus,F,HG,LI,D,31.3,ug/g,,,,,,A10222,adult_female,Letcher
Canada,A6,Western Hudson Bay,2016,Ursus maritimus,M,HG,LI,D,57.9,ug/g,,,,,,A10223,adult_male,Letcher
Canada,A6,Western Hudson Bay,2016,Ursus maritimus,M,HG,LI,D,20.7,ug/g,,,,,,A10224,adult_male,Letcher
Canada,A6,Western Hudson Bay,2017,Ursus maritimus,F,HG,LI,D,11.6,ug/g,,,,,,A10225,adult_female,Letcher
Canada,A6,Western Hudson Bay,2017,Ursus maritimus,M,HG,LI,D,71.6,ug/g,,,,,,A10226,adult_male,Letcher
Canada,A6,Western Hudson Bay,2017,Ursus maritimus,F,HG,LI,D,42,ug/g,,,,,,A10227,adult_female,Letcher
Canada,A6,Western Hudson Bay,2017,Ursus maritimus,M,HG,LI,D,29,ug/g,,,,,,A10228,adult_male,Letcher
Canada,A6,Western Hudson Bay,2017,Ursus maritimus,M,HG,LI,D,31,ug/g,,,,,,A10229,adult_male,Letcher
Canada,A6,Western Hudson Bay,2017,Ursus maritimus,M,HG,LI,D,14.3,ug/g,,,,,,A10230,adult_male,Letcher
Canada,A6,Western Hudson Bay,2017,Ursus maritimus,M,HG,LI,D,57.4,ug/g,,,,,,A10231,adult_male,Letcher
Canada,A6,Western Hudson Bay,2017,Ursus maritimus,M,HG,LI,D,52.2,ug/g,,,,,,A10232,adult_male,Letcher
Canada,A6,Western Hudson Bay,2017,Ursus maritimus,F,HG,LI,D,48.1,ug/g,,,,,,A10233,adult_female,Letcher
Canada,A6,Western Hudson Bay,2017,Ursus maritimus,M,HG,LI,D,42.5,ug/g,,,,,,A10234,adult_male,Letcher
Canada,A3,Southern Hudson Bay,2009,Ursus maritimus,I,DRYWT%,LI,W,34.5,%,,,,,,A10015,juvenile,Letcher
Canada,A3,Southern Hudson Bay,2009,Ursus maritimus,I,DRYWT%,LI,W,27.7,%,,,,,,A10016,juvenile,Letcher
Canada,A3,Southern Hudson Bay,2009,Ursus maritimus,M,DRYWT%,LI,W,37.6,%,,,,,,A10017,adult_male,Letcher
Canada,A3,Southern Hudson Bay,2009,Ursus maritimus,M,DRYWT%,LI,W,36.6,%,,,,,,A10018,adult_male,Letcher
Canada,A3,Southern Hudson Bay,2009,Ursus maritimus,M,DRYWT%,LI,W,38.4,%,,,,,,A10019,adult_male,Letcher
Canada,A3,Southern Hudson Bay,2009,Ursus maritimus,M,DRYWT%,LI,W,42,%,,,,,,A10020,adult_male,Letcher
Canada,A3,Southern Hudson Bay,2009,Ursus maritimus,M,DRYWT%,LI,W,41.3,%,,,,,,A10021,adult_male,Letcher
Canada,A3,Southern Hudson Bay,2009,Ursus maritimus,M,DRYWT%,LI,W,38.2,%,,,,,,A10022,adult_male,Letcher
Canada,A3,Southern Hudson Bay,2009,Ursus maritimus,I,DRYWT%,LI,W,35.3,%,,,,,,A10023,juvenile,Letcher
Canada,A3,Southern Hudson Bay,2009,Ursus maritimus,M,DRYWT%,LI,W,41,%,,,,,,A10024,adult_male,Letcher
Canada,A3,Southern Hudson Bay,2009,Ursus maritimus,F,DRYWT%,LI,W,26.1,%,,,,,,A10025,adult_female,Letcher
Canada,A3,Southern Hudson Bay,2009,Ursus maritimus,I,DRYWT%,LI,W,39.4,%,,,,,,A10026,juvenile,Letcher
Canada,A3,Southern Hudson Bay,2009,Ursus maritimus,F,DRYWT%,LI,W,51.8,%,,,,,,A10027,adult_female,Letcher
Canada,A3,Southern Hudson Bay,2009,Ursus maritimus,I,DRYWT%,LI,W,37,%,,,,,,A10028,juvenile,Letcher
Canada,A3,Southern Hudson Bay,2009,Ursus maritimus,F,DRYWT%,LI,W,35.2,%,,,,,,A10029,adult_female,Letcher
Canada,A3,Southern Hudson Bay,2009,Ursus maritimus,I,DRYWT%,LI,W,39.7,%,,,,,,A10030,juvenile,Letcher
Canada,A3,Southern Hudson Bay,2009,Ursus maritimus,I,DRYWT%,LI,W,36.7,%,,,,,,A10031,juvenile,Letcher
Canada,A3,Southern Hudson Bay,2009,Ursus maritimus,I,DRYWT%,LI,W,40.7,%,,,,,,A10032,juvenile,Letcher
Canada,A3,Southern Hudson Bay,2009,Ursus maritimus,M,DRYWT%,LI,W,34.7,%,,,,,,A10033,adult_male,Letcher
Canada,A3,Southern Hudson Bay,2009,Ursus maritimus,M,DRYWT%,LI,W,35.1,%,,,,,,A10034,adult_male,Letcher
Canada,A3,Southern Hudson Bay,2009,Ursus maritimus,M,DRYWT%,LI,W,32.8,%,,,,,,A10035,adult_male,Letcher
Canada,A3,Southern Hudson Bay,2009,Ursus maritimus,I,DRYWT%,LI,W,32.5,%,,,,,,A10036,juvenile,Letcher
Canada,A3,Southern Hudson Bay,2009,Ursus maritimus,M,DRYWT%,LI,W,37.8,%,,,,,,A10037,adult_male,Letcher
Canada,A3,Southern Hudson Bay,2009,Ursus maritimus,I,DRYWT%,LI,W,39,%,,,,,,A10038,juvenile,Letcher
Canada,A3,Southern Hudson Bay,2009,Ursus maritimus,M,DRYWT%,LI,W,35.9,%,,,,,,A10039,adult_male,Letcher
Canada,A3,Southern Hudson Bay,2010,Ursus maritimus,M,DRYWT%,LI,W,46.5,%,,,,,,A10040,adult_male,Letcher
Canada,A3,Southern Hudson Bay,2010,Ursus maritimus,M,DRYWT%,LI,W,39,%,,,,,,A10041,adult_male,Letcher
Canada,A3,Southern Hudson Bay,2010,Ursus maritimus,M,DRYWT%,LI,W,45.1,%,,,,,,A10042,adult_male,Letcher
Canada,A3,Southern Hudson Bay,2010,Ursus maritimus,I,DRYWT%,LI,W,37.2,%,,,,,,A10043,juvenile,Letcher
Canada,A3,Southern Hudson Bay,2010,Ursus maritimus,F,DRYWT%,LI,W,41.1,%,,,,,,A10044,adult_female,Letcher
Canada,A3,Southern Hudson Bay,2010,Ursus maritimus,I,DRYWT%,LI,W,42.8,%,,,,,,A10045,juvenile,Letcher
Canada,A3,Southern Hudson Bay,2010,Ursus maritimus,I,DRYWT%,LI,W,48.4,%,,,,,,A10046,juvenile,Letcher
Canada,A3,Southern Hudson Bay,2010,Ursus maritimus,I,DRYWT%,LI,W,44.3,%,,,,,,A10047,juvenile,Letcher
Canada,A3,Southern Hudson Bay,2010,Ursus maritimus,M,DRYWT%,LI,W,46.9,%,,,,,,A10048,adult_male,Letcher
Canada,A3,Southern Hudson Bay,2012,Ursus maritimus,M,DRYWT%,LI,W,36.4,%,,,,,,A10049,adult_male,Letcher
Canada,A3,Southern Hudson Bay,2012,Ursus maritimus,M,DRYWT%,LI,W,35.4,%,,,,,,A10050,adult_male,Letcher
Canada,A3,Southern Hudson Bay,2012,Ursus maritimus,M,DRYWT%,LI,W,37.2,%,,,,,,A10051,adult_male,Letcher
Canada,A3,Southern Hudson Bay,2012,Ursus maritimus,M,DRYWT%,LI,W,35.2,%,,,,,,A10052,adult_male,Letcher
Canada,A3,Southern Hudson Bay,2012,Ursus maritimus,I,DRYWT%,LI,W,34.8,%,,,,,,A10053,juvenile,Letcher
Canada,A3,Southern Hudson Bay,2012,Ursus maritimus,M,DRYWT%,LI,W,37.6,%,,,,,,A10054,adult_male,Letcher
Canada,A3,Southern Hudson Bay,2012,Ursus maritimus,I,DRYWT%,LI,W,34.5,%,,,,,,A10055,juvenile,Letcher
Canada,A3,Southern Hudson Bay,2012,Ursus maritimus,M,DRYWT%,LI,W,36.9,%,,,,,,A10056,adult_male,Letcher
Canada,A3,Southern Hudson Bay,2012,Ursus maritimus,M,DRYWT%,LI,W,33.9,%,,,,,,A10057,adult_male,Letcher
Canada,A3,Southern Hudson Bay,2012,Ursus maritimus,M,DRYWT%,LI,W,37.3,%,,,,,,A10058,adult_male,Letcher
Canada,A3,Southern Hudson Bay,2012,Ursus maritimus,I,DRYWT%,LI,W,40.5,%,,,,,,A10059,juvenile,Letcher
Canada,A3,Southern Hudson Bay,2012,Ursus maritimus,I,DRYWT%,LI,W,35.2,%,,,,,,A10060,juvenile,Letcher
Canada,A3,Southern Hudson Bay,2012,Ursus maritimus,I,DRYWT%,LI,W,37.8,%,,,,,,A10061,juvenile,Letcher
Canada,A3,Southern Hudson Bay,2012,Ursus maritimus,M,DRYWT%,LI,W,33.5,%,,,,,,A10062,adult_male,Letcher
Canada,A3,Southern Hudson Bay,2012,Ursus maritimus,I,DRYWT%,LI,W,41,%,,,,,,A10063,juvenile,Letcher
Canada,A3,Southern Hudson Bay,2012,Ursus maritimus,F,DRYWT%,LI,W,34.4,%,,,,,,A10064,adult_female,Letcher
Canada,A3,Southern Hudson Bay,2012,Ursus maritimus,F,DRYWT%,LI,W,35.5,%,,,,,,A10065,adult_female,Letcher
Canada,A3,Southern Hudson Bay,2012,Ursus maritimus,M,DRYWT%,LI,W,36.8,%,,,,,,A10066,adult_male,Letcher
Canada,A3,Southern Hudson Bay,2012,Ursus maritimus,I,DRYWT%,LI,W,36.9,%,,,,,,A10067,juvenile,Letcher
Canada,A3,Southern Hudson Bay,2012,Ursus maritimus,I,DRYWT%,LI,W,43.1,%,,,,,,A10068,juvenile,Letcher
Canada,A3,Southern Hudson Bay,2012,Ursus maritimus,M,DRYWT%,LI,W,36.7,%,,,,,,A10069,adult_male,Letcher
Canada,A3,Southern Hudson Bay,2012,Ursus maritimus,M,DRYWT%,LI,W,35.1,%,,,,,,A10070,adult_male,Letcher
Canada,A3,Southern Hudson Bay,2012,Ursus maritimus,M,DRYWT%,LI,W,36.5,%,,,,,,A10071,adult_male,Letcher
Canada,A3,Southern Hudson Bay,2013,Ursus maritimus,F,DRYWT%,LI,W,38.1,%,,,,,,A10072,adult_female,Letcher
Canada,A3,Southern Hudson Bay,2013,Ursus maritimus,M,DRYWT%,LI,W,38.5,%,,,,,,A10073,adult_male,Letcher
Canada,A3,Southern Hudson Bay,2013,Ursus maritimus,M,DRYWT%,LI,W,39.9,%,,,,,,A10074,adult_male,Letcher
Canada,A3,Southern Hudson Bay,2013,Ursus maritimus,M,DRYWT%,LI,W,42.9,%,,,,,,A10075,adult_male,Letcher
Canada,A3,Southern Hudson Bay,2013,Ursus maritimus,I,DRYWT%,LI,W,36.7,%,,,,,,A10076,juvenile,Letcher
Canada,A3,Southern Hudson Bay,2013,Ursus maritimus,I,DRYWT%,LI,W,32.9,%,,,,,,A10077,juvenile,Letcher
Canada,A3,Southern Hudson Bay,2013,Ursus maritimus,I,DRYWT%,LI,W,32.5,%,,,,,,A10078,juvenile,Letcher
Canada,A3,Southern Hudson Bay,2013,Ursus maritimus,M,DRYWT%,LI,W,36.5,%,,,,,,A10079,adult_male,Letcher
Canada,A3,Southern Hudson Bay,2013,Ursus maritimus,M,DRYWT%,LI,W,43.5,%,,,,,,A10080,adult_male,Letcher
Canada,A3,Southern Hudson Bay,2013,Ursus maritimus,M,DRYWT%,LI,W,32.9,%,,,,,,A10081,adult_male,Letcher
Canada,A3,Southern Hudson Bay,2013,Ursus maritimus,M,DRYWT%,LI,W,33.1,%,,,,,,A10082,adult_male,Letcher
Canada,A3,Southern Hudson Bay,2013,Ursus maritimus,I,DRYWT%,LI,W,32.7,%,,,,,,A10083,juvenile,Letcher
Canada,A3,Southern Hudson Bay,2013,Ursus maritimus,I,DRYWT%,LI,W,36.6,%,,,,,,A10084,juvenile,Letcher
Canada,A3,Southern Hudson Bay,2013,Ursus maritimus,F,DRYWT%,LI,W,41.8,%,,,,,,A10085,adult_female,Letcher
Canada,A3,Southern Hudson Bay,2013,Ursus maritimus,F,DRYWT%,LI,W,37.1,%,,,,,,A10086,adult_female,Letcher
Canada,A3,Southern Hudson Bay,2013,Ursus maritimus,M,DRYWT%,LI,W,35.9,%,,,,,,A10087,adult_male,Letcher
Canada,A3,Southern Hudson Bay,2013,Ursus maritimus,M,DRYWT%,LI,W,35.6,%,,,,,,A10088,adult_male,Letcher
Canada,A3,Southern Hudson Bay,2013,Ursus maritimus,I,DRYWT%,LI,W,30.6,%,,,,,,A10089,juvenile,Letcher
Canada,A3,Southern Hudson Bay,2013,Ursus maritimus,F,DRYWT%,LI,W,33.6,%,,,,,,A10090,adult_female,Letcher
Canada,A3,Southern Hudson Bay,2013,Ursus maritimus,I,DRYWT%,LI,W,31.3,%,,,,,,A10091,juvenile,Letcher
Canada,A3,Southern Hudson Bay,2013,Ursus maritimus,F,DRYWT%,LI,W,36.9,%,,,,,,A10092,adult_female,Letcher
Canada,A3,Southern Hudson Bay,2013,Ursus maritimus,M,DRYWT%,LI,W,32.8,%,,,,,,A10093,adult_male,Letcher
Canada,A3,Southern Hudson Bay,2013,Ursus maritimus,M,DRYWT%,LI,W,36,%,,,,,,A10094,adult_male,Letcher
Canada,A3,Southern Hudson Bay,2013,Ursus maritimus,I,DRYWT%,LI,W,34.9,%,,,,,,A10095,juvenile,Letcher
Canada,A3,Southern Hudson Bay,2014,Ursus maritimus,I,DRYWT%,LI,W,33.7,%,,,,,,A10096,juvenile,Letcher
Canada,A3,Southern Hudson Bay,2014,Ursus maritimus,M,DRYWT%,LI,W,35.5,%,,,,,,A10097,adult_male,Letcher
Canada,A3,Southern Hudson Bay,2014,Ursus maritimus,M,DRYWT%,LI,W,34.9,%,,,,,,A10098,adult_male,Letcher
Canada,A3,Southern Hudson Bay,2014,Ursus maritimus,M,DRYWT%,LI,W,34.8,%,,,,,,A10099,adult_male,Letcher
Canada,A3,Southern Hudson Bay,2014,Ursus maritimus,M,DRYWT%,LI,W,37.3,%,,,,,,A10100,adult_male,Letcher
Canada,A3,Southern Hudson Bay,2014,Ursus maritimus,M,DRYWT%,LI,W,34.8,%,,,,,,A10101,adult_male,Letcher
Canada,A3,Southern Hudson Bay,2014,Ursus maritimus,M,DRYWT%,LI,W,32.3,%,,,,,,A10102,adult_male,Letcher
Canada,A3,Southern Hudson Bay,2014,Ursus maritimus,M,DRYWT%,LI,W,33,%,,,,,,A10103,adult_male,Letcher
Canada,A3,Southern Hudson Bay,2014,Ursus maritimus,M,DRYWT%,LI,W,33.9,%,,,,,,A10104,adult_male,Letcher
Canada,A3,Southern Hudson Bay,2014,Ursus maritimus,F,DRYWT%,LI,W,37.1,%,,,,,,A10105,adult_female,Letcher
Canada,A3,Southern Hudson Bay,2015,Ursus maritimus,M,DRYWT%,LI,W,33.4,%,,,,,,A10106,adult_male,Letcher
Canada,A3,Southern Hudson Bay,2015,Ursus maritimus,F,DRYWT%,LI,W,37,%,,,,,,A10107,adult_female,Letcher
Canada,A3,Southern Hudson Bay,2015,Ursus maritimus,I,DRYWT%,LI,W,28.6,%,,,,,,A10108,juvenile,Letcher
Canada,A3,Southern Hudson Bay,2015,Ursus maritimus,M,DRYWT%,LI,W,33.6,%,,,,,,A10109,adult_male,Letcher
Canada,A3,Southern Hudson Bay,2015,Ursus maritimus,M,DRYWT%,LI,W,36.6,%,,,,,,A10110,adult_male,Letcher
Canada,A3,Southern Hudson Bay,2015,Ursus maritimus,I,DRYWT%,LI,W,31.6,%,,,,,,A10111,juvenile,Letcher
Canada,A3,Southern Hudson Bay,2015,Ursus maritimus,M,DRYWT%,LI,W,35.3,%,,,,,,A10112,adult_male,Letcher
Canada,A3,Southern Hudson Bay,2015,Ursus maritimus,M,DRYWT%,LI,W,33.3,%,,,,,,A10113,adult_male,Letcher
Canada,A3,Southern Hudson Bay,2015,Ursus maritimus,F,DRYWT%,LI,W,32.1,%,,,,,,A10114,adult_female,Letcher
Canada,A3,Southern Hudson Bay,2015,Ursus maritimus,M,DRYWT%,LI,W,33.5,%,,,,,,A10115,adult_male,Letcher
Canada,A3,Southern Hudson Bay,2016,Ursus maritimus,F,DRYWT%,LI,W,34.7,%,,,,,,A10116,adult_female,Letcher
Canada,A3,Southern Hudson Bay,2016,Ursus maritimus,M,DRYWT%,LI,W,34.1,%,,,,,,A10117,adult_male,Letcher
Canada,A3,Southern Hudson Bay,2016,Ursus maritimus,M,DRYWT%,LI,W,33.8,%,,,,,,A10118,adult_male,Letcher
Canada,A3,Southern Hudson Bay,2016,Ursus maritimus,M,DRYWT%,LI,W,34,%,,,,,,A10119,adult_male,Letcher
Canada,A3,Southern Hudson Bay,2016,Ursus maritimus,M,DRYWT%,LI,W,29.4,%,,,,,,A10120,adult_male,Letcher
Canada,A3,Southern Hudson Bay,2016,Ursus maritimus,M,DRYWT%,LI,W,36.1,%,,,,,,A10121,adult_male,Letcher
Canada,A3,Southern Hudson Bay,2016,Ursus maritimus,M,DRYWT%,LI,W,35.6,%,,,,,,A10122,adult_male,Letcher
Canada,A3,Southern Hudson Bay,2016,Ursus maritimus,M,DRYWT%,LI,W,33.1,%,,,,,,A10123,adult_male,Letcher
Canada,A3,Southern Hudson Bay,2016,Ursus maritimus,M,DRYWT%,LI,W,34,%,,,,,,A10124,adult_male,Letcher
Canada,A3,Southern Hudson Bay,2016,Ursus maritimus,M,DRYWT%,LI,W,32.9,%,,,,,,A10125,adult_male,Letcher
Canada,A3,Southern Hudson Bay,2017,Ursus maritimus,F,DRYWT%,LI,W,34,%,,,,,,A10126,adult_female,Letcher
Canada,A3,Southern Hudson Bay,2017,Ursus maritimus,F,DRYWT%,LI,W,32.3,%,,,,,,A10127,adult_female,Letcher
Canada,A3,Southern Hudson Bay,2017,Ursus maritimus,M,DRYWT%,LI,W,36.3,%,,,,,,A10128,adult_male,Letcher
Canada,A3,Southern Hudson Bay,2017,Ursus maritimus,M,DRYWT%,LI,W,31.4,%,,,,,,A10129,adult_male,Letcher
Canada,A3,Southern Hudson Bay,2017,Ursus maritimus,M,DRYWT%,LI,W,34.5,%,,,,,,A10130,adult_male,Letcher
Canada,A3,Southern Hudson Bay,2017,Ursus maritimus,M,DRYWT%,LI,W,36.4,%,,,,,,A10131,adult_male,Letcher
Canada,A3,Southern Hudson Bay,2017,Ursus maritimus,M,DRYWT%,LI,W,27.8,%,,,,,,A10132,adult_male,Letcher
Canada,A3,Southern Hudson Bay,2017,Ursus maritimus,M,DRYWT%,LI,W,34,%,,,,,,A10133,adult_male,Letcher
Canada,A3,Southern Hudson Bay,2017,Ursus maritimus,M,DRYWT%,LI,W,32.8,%,,,,,,A10134,adult_male,Letcher
Canada,A3,Southern Hudson Bay,2017,Ursus maritimus,F,DRYWT%,LI,W,31.6,%,,,,,,A10135,adult_female,Letcher
Canada,A6,Western Hudson Bay,2009,Ursus maritimus,M,DRYWT%,LI,W,32.2,%,,,,,,A10147,adult_male,Letcher
Canada,A6,Western Hudson Bay,2009,Ursus maritimus,I,DRYWT%,LI,W,29,%,,,,,,A10148,juvenile,Letcher
Canada,A6,Western Hudson Bay,2009,Ursus maritimus,M,DRYWT%,LI,W,31.5,%,,,,,,A10149,adult_male,Letcher
Canada,A6,Western Hudson Bay,2009,Ursus maritimus,I,DRYWT%,LI,W,35.8,%,,,,,,A10150,juvenile,Letcher
Canada,A6,Western Hudson Bay,2009,Ursus maritimus,M,DRYWT%,LI,W,36.1,%,,,,,,A10151,adult_male,Letcher
Canada,A6,Western Hudson Bay,2009,Ursus maritimus,I,DRYWT%,LI,W,36.6,%,,,,,,A10152,juvenile,Letcher
Canada,A6,Western Hudson Bay,2009,Ursus maritimus,M,DRYWT%,LI,W,31.4,%,,,,,,A10153,adult_male,Letcher
Canada,A6,Western Hudson Bay,2009,Ursus maritimus,I,DRYWT%,LI,W,35.8,%,,,,,,A10154,juvenile,Letcher
Canada,A6,Western Hudson Bay,2009,Ursus maritimus,I,DRYWT%,LI,W,33.4,%,,,,,,A10155,juvenile,Letcher
Canada,A6,Western Hudson Bay,2010,Ursus maritimus,M,DRYWT%,LI,W,33.5,%,,,,,,A10156,adult_male,Letcher
Canada,A6,Western Hudson Bay,2010,Ursus maritimus,F,DRYWT%,LI,W,37.4,%,,,,,,A10157,adult_female,Letcher
Canada,A6,Western Hudson Bay,2010,Ursus maritimus,I,DRYWT%,LI,W,37.7,%,,,,,,A10158,juvenile,Letcher
Canada,A6,Western Hudson Bay,2011,Ursus maritimus,I,DRYWT%,LI,W,37.6,%,,,,,,A10159,juvenile,Letcher
Canada,A6,Western Hudson Bay,2011,Ursus maritimus,M,DRYWT%,LI,W,35.5,%,,,,,,A10160,adult_male,Letcher
Canada,A6,Western Hudson Bay,2011,Ursus maritimus,I,DRYWT%,LI,W,40.4,%,,,,,,A10161,juvenile,Letcher
Canada,A6,Western Hudson Bay,2011,Ursus maritimus,I,DRYWT%,LI,W,36,%,,,,,,A10162,juvenile,Letcher
Canada,A6,Western Hudson Bay,2011,Ursus maritimus,I,DRYWT%,LI,W,41.1,%,,,,,,A10163,juvenile,Letcher
Canada,A6,Western Hudson Bay,2011,Ursus maritimus,M,DRYWT%,LI,W,37.9,%,,,,,,A10164,adult_male,Letcher
Canada,A6,Western Hudson Bay,2011,Ursus maritimus,I,DRYWT%,LI,W,46.6,%,,,,,,A10165,juvenile,Letcher
Canada,A6,Western Hudson Bay,2011,Ursus maritimus,I,DRYWT%,LI,W,36,%,,,,,,A10166,juvenile,Letcher
Canada,A6,Western Hudson Bay,2011,Ursus maritimus,M,DRYWT%,LI,W,33.7,%,,,,,,A10167,adult_male,Letcher
Canada,A6,Western Hudson Bay,2012,Ursus maritimus,M,DRYWT%,LI,W,36.6,%,,,,,,A10168,adult_male,Letcher
Canada,A6,Western Hudson Bay,2012,Ursus maritimus,M,DRYWT%,LI,W,35.1,%,,,,,,A10169,adult_male,Letcher
Canada,A6,Western Hudson Bay,2012,Ursus maritimus,M,DRYWT%,LI,W,35.4,%,,,,,,A10170,adult_male,Letcher
Canada,A6,Western Hudson Bay,2012,Ursus maritimus,M,DRYWT%,LI,W,34.7,%,,,,,,A10171,adult_male,Letcher
Canada,A6,Western Hudson Bay,2012,Ursus maritimus,M,DRYWT%,LI,W,36.3,%,,,,,,A10172,adult_male,Letcher
Canada,A6,Western Hudson Bay,2012,Ursus maritimus,M,DRYWT%,LI,W,29.9,%,,,,,,A10173,adult_male,Letcher
Canada,A6,Western Hudson Bay,2012,Ursus maritimus,I,DRYWT%,LI,W,34.6,%,,,,,,A10174,juvenile,Letcher
Canada,A6,Western Hudson Bay,2012,Ursus maritimus,I,DRYWT%,LI,W,32.6,%,,,,,,A10175,juvenile,Letcher
Canada,A6,Western Hudson Bay,2012,Ursus maritimus,M,DRYWT%,LI,W,34.6,%,,,,,,A10176,adult_male,Letcher
Canada,A6,Western Hudson Bay,2012,Ursus maritimus,I,DRYWT%,LI,W,34,%,,,,,,A10177,juvenile,Letcher
Canada,A6,Western Hudson Bay,2012,Ursus maritimus,I,DRYWT%,LI,W,30.5,%,,,,,,A10178,juvenile,Letcher
Canada,A6,Western Hudson Bay,2012,Ursus maritimus,I,DRYWT%,LI,W,34.4,%,,,,,,A10179,juvenile,Letcher
Canada,A6,Western Hudson Bay,2013,Ursus maritimus,M,DRYWT%,LI,W,30.9,%,,,,,,A10180,adult_male,Letcher
Canada,A6,Western Hudson Bay,2013,Ursus maritimus,M,DRYWT%,LI,W,37.1,%,,,,,,A10181,adult_male,Letcher
Canada,A6,Western Hudson Bay,2013,Ursus maritimus,I,DRYWT%,LI,W,42.7,%,,,,,,A10182,juvenile,Letcher
Canada,A6,Western Hudson Bay,2013,Ursus maritimus,I,DRYWT%,LI,W,36.7,%,,,,,,A10183,juvenile,Letcher
Canada,A6,Western Hudson Bay,2013,Ursus maritimus,M,DRYWT%,LI,W,35.2,%,,,,,,A10184,adult_male,Letcher
Canada,A6,Western Hudson Bay,2013,Ursus maritimus,M,DRYWT%,LI,W,34.2,%,,,,,,A10185,adult_male,Letcher
Canada,A6,Western Hudson Bay,2013,Ursus maritimus,I,DRYWT%,LI,W,33.3,%,,,,,,A10186,juvenile,Letcher
Canada,A6,Western Hudson Bay,2013,Ursus maritimus,I,DRYWT%,LI,W,33.1,%,,,,,,A10187,juvenile,Letcher
Canada,A6,Western Hudson Bay,2013,Ursus maritimus,M,DRYWT%,LI,W,32.2,%,,,,,,A10188,adult_male,Letcher
Canada,A6,Western Hudson Bay,2013,Ursus maritimus,M,DRYWT%,LI,W,32.1,%,,,,,,A10189,adult_male,Letcher
Canada,A6,Western Hudson Bay,2013,Ursus maritimus,M,DRYWT%,LI,W,27.7,%,,,,,,A10190,adult_male,Letcher
Canada,A6,Western Hudson Bay,2013,Ursus maritimus,M,DRYWT%,LI,W,31.4,%,,,,,,A10191,adult_male,Letcher
Canada,A6,Western Hudson Bay,2013,Ursus maritimus,I,DRYWT%,LI,W,36.6,%,,,,,,A10192,juvenile,Letcher
Canada,A6,Western Hudson Bay,2013,Ursus maritimus,M,DRYWT%,LI,W,37,%,,,,,,A10193,adult_male,Letcher
Canada,A6,Western Hudson Bay,2013,Ursus maritimus,I,DRYWT%,LI,W,33.5,%,,,,,,A10194,juvenile,Letcher
Canada,A6,Western Hudson Bay,2013,Ursus maritimus,M,DRYWT%,LI,W,47,%,,,,,,A10195,adult_male,Letcher
Canada,A6,Western Hudson Bay,2013,Ursus maritimus,I,DRYWT%,LI,W,38.5,%,,,,,,A10196,juvenile,Letcher
Canada,A6,Western Hudson Bay,2014,Ursus maritimus,F,DRYWT%,LI,W,39,%,,,,,,A10197,adult_female,Letcher
Canada,A6,Western Hudson Bay,2014,Ursus maritimus,I,DRYWT%,LI,W,30.8,%,,,,,,A10198,juvenile,Letcher
Canada,A6,Western Hudson Bay,2014,Ursus maritimus,I,DRYWT%,LI,W,28.4,%,,,,,,A10199,juvenile,Letcher
Canada,A6,Western Hudson Bay,2014,Ursus maritimus,F,DRYWT%,LI,W,32.7,%,,,,,,A10200,adult_female,Letcher
Canada,A6,Western Hudson Bay,2014,Ursus maritimus,M,DRYWT%,LI,W,34.1,%,,,,,,A10201,adult_male,Letcher
Canada,A6,Western Hudson Bay,2014,Ursus maritimus,M,DRYWT%,LI,W,32.9,%,,,,,,A10202,adult_male,Letcher
Canada,A6,Western Hudson Bay,2014,Ursus maritimus,F,DRYWT%,LI,W,35.7,%,,,,,,A10203,adult_female,Letcher
Canada,A6,Western Hudson Bay,2014,Ursus maritimus,M,DRYWT%,LI,W,37.5,%,,,,,,A10204,adult_male,Letcher
Canada,A6,Western Hudson Bay,2014,Ursus maritimus,M,DRYWT%,LI,W,30.8,%,,,,,,A10205,adult_male,Letcher
Canada,A6,Western Hudson Bay,2014,Ursus maritimus,F,DRYWT%,LI,W,36.7,%,,,,,,A10206,adult_female,Letcher
Canada,A6,Western Hudson Bay,2015,Ursus maritimus,I,DRYWT%,LI,W,34.5,%,,,,,,A10207,juvenile,Letcher
Canada,A6,Western Hudson Bay,2015,Ursus maritimus,F,DRYWT%,LI,W,35.1,%,,,,,,A10208,adult_female,Letcher
Canada,A6,Western Hudson Bay,2015,Ursus maritimus,F,DRYWT%,LI,W,38.4,%,,,,,,A10209,adult_female,Letcher
Canada,A6,Western Hudson Bay,2015,Ursus maritimus,I,DRYWT%,LI,W,32.6,%,,,,,,A10210,juvenile,Letcher
Canada,A6,Western Hudson Bay,2015,Ursus maritimus,M,DRYWT%,LI,W,34.6,%,,,,,,A10211,adult_male,Letcher
Canada,A6,Western Hudson Bay,2015,Ursus maritimus,M,DRYWT%,LI,W,31.9,%,,,,,,A10212,adult_male,Letcher
Canada,A6,Western Hudson Bay,2015,Ursus maritimus,I,DRYWT%,LI,W,35,%,,,,,,A10213,juvenile,Letcher
Canada,A6,Western Hudson Bay,2015,Ursus maritimus,F,DRYWT%,LI,W,31,%,,,,,,A10214,adult_female,Letcher
Canada,A6,Western Hudson Bay,2015,Ursus maritimus,F,DRYWT%,LI,W,31.2,%,,,,,,A10215,adult_female,Letcher
Canada,A6,Western Hudson Bay,2016,Ursus maritimus,F,DRYWT%,LI,W,27.9,%,,,,,,A10216,adult_female,Letcher
Canada,A6,Western Hudson Bay,2016,Ursus maritimus,F,DRYWT%,LI,W,34.3,%,,,,,,A10217,adult_female,Letcher
Canada,A6,Western Hudson Bay,2016,Ursus maritimus,F,DRYWT%,LI,W,30.3,%,,,,,,A10218,adult_female,Letcher
Canada,A6,Western Hudson Bay,2016,Ursus maritimus,F,DRYWT%,LI,W,33.5,%,,,,,,A10219,adult_female,Letcher
Canada,A6,Western Hudson Bay,2016,Ursus maritimus,M,DRYWT%,LI,W,32.9,%,,,,,,A10220,adult_male,Letcher
Canada,A6,Western Hudson Bay,2016,Ursus maritimus,M,DRYWT%,LI,W,32.8,%,,,,,,A10221,adult_male,Letcher
Canada,A6,Western Hudson Bay,2016,Ursus maritimus,F,DRYWT%,LI,W,30.7,%,,,,,,A10222,adult_female,Letcher
Canada,A6,Western Hudson Bay,2016,Ursus maritimus,M,DRYWT%,LI,W,37.2,%,,,,,,A10223,adult_male,Letcher
Canada,A6,Western Hudson Bay,2016,Ursus maritimus,M,DRYWT%,LI,W,30.8,%,,,,,,A10224,adult_male,Letcher
Canada,A6,Western Hudson Bay,2017,Ursus maritimus,F,DRYWT%,LI,W,36.2,%,,,,,,A10225,adult_female,Letcher
Canada,A6,Western Hudson Bay,2017,Ursus maritimus,M,DRYWT%,LI,W,36.4,%,,,,,,A10226,adult_male,Letcher
Canada,A6,Western Hudson Bay,2017,Ursus maritimus,F,DRYWT%,LI,W,34,%,,,,,,A10227,adult_female,Letcher
Canada,A6,Western Hudson Bay,2017,Ursus maritimus,M,DRYWT%,LI,W,35.1,%,,,,,,A10228,adult_male,Letcher
Canada,A6,Western Hudson Bay,2017,Ursus maritimus,M,DRYWT%,LI,W,35.5,%,,,,,,A10229,adult_male,Letcher
Canada,A6,Western Hudson Bay,2017,Ursus maritimus,M,DRYWT%,LI,W,38.9,%,,,,,,A10230,adult_male,Letcher
Canada,A6,Western Hudson Bay,2017,Ursus maritimus,M,DRYWT%,LI,W,35.2,%,,,,,,A10231,adult_male,Letcher
Canada,A6,Western Hudson Bay,2017,Ursus maritimus,M,DRYWT%,LI,W,35,%,,,,,,A10232,adult_male,Letcher
Canada,A6,Western Hudson Bay,2017,Ursus maritimus,F,DRYWT%,LI,W,32.1,%,,,,,,A10233,adult_female,Letcher
Canada,A6,Western Hudson Bay,2017,Ursus maritimus,M,DRYWT%,LI,W,33.8,%,,,,,,A10234,adult_male,Letcher
Canada,A3,Southern Hudson Bay,2006,Ursus maritimus,F,AGMEA,WO,,14,y,,,,,,A10001,adult_female,Letcher
Canada,A3,Southern Hudson Bay,2006,Ursus maritimus,M,AGMEA,WO,,11,y,,,,,,A10002,adult_male,Letcher
Canada,A3,Southern Hudson Bay,2007,Ursus maritimus,M,AGMEA,WO,,9,y,,,,,,A10003,adult_male,Letcher
Canada,A3,Southern Hudson Bay,2007,Ursus maritimus,M,AGMEA,WO,,5,y,,,,,,A10004,adult_male,Letcher
Canada,A3,Southern Hudson Bay,2007,Ursus maritimus,M,AGMEA,WO,,13,y,,,,,,A10005,adult_male,Letcher
Canada,A3,Southern Hudson Bay,2007,Ursus maritimus,F,AGMEA,WO,,7,y,,,,,,A10006,adult_female,Letcher
Canada,A3,Southern Hudson Bay,2007,Ursus maritimus,M,AGMEA,WO,,7,y,,,,,,A10007,adult_male,Letcher
Canada,A3,Southern Hudson Bay,2007,Ursus maritimus,M,AGMEA,WO,,6,y,,,,,,A10008,adult_male,Letcher
Canada,A3,Southern Hudson Bay,2007,Ursus maritimus,M,AGMEA,WO,,22,y,,,,,,A10009,adult_male,Letcher
Canada,A3,Southern Hudson Bay,2007,Ursus maritimus,I,AGMEA,WO,,3,y,,,,,,A10010,juvenile,Letcher
Canada,A3,Southern Hudson Bay,2007,Ursus maritimus,F,AGMEA,WO,,12,y,,,,,,A10011,adult_female,Letcher
Canada,A3,Southern Hudson Bay,2007,Ursus maritimus,M,AGMEA,WO,,6,y,,,,,,A10012,adult_male,Letcher
Canada,A3,Southern Hudson Bay,2007,Ursus maritimus,M,AGMEA,WO,,9,y,,,,,,A10013,adult_male,Letcher
Canada,A3,Southern Hudson Bay,2007,Ursus maritimus,M,AGMEA,WO,,7,y,,,,,,A10014,adult_male,Letcher
Canada,A3,Southern Hudson Bay,2009,Ursus maritimus,I,AGMEA,WO,,2,y,,,,,,A10028,juvenile,Letcher
Canada,A3,Southern Hudson Bay,2010,Ursus maritimus,M,AGMEA,WO,,6,y,,,,,,A10040,adult_male,Letcher
Canada,A3,Southern Hudson Bay,2010,Ursus maritimus,M,AGMEA,WO,,14,y,,,,,,A10041,adult_male,Letcher
Canada,A3,Southern Hudson Bay,2010,Ursus maritimus,M,AGMEA,WO,,14,y,,,,,,A10042,adult_male,Letcher
Canada,A3,Southern Hudson Bay,2010,Ursus maritimus,I,AGMEA,WO,,2,y,,,,,,A10043,juvenile,Letcher
Canada,A3,Southern Hudson Bay,2010,Ursus maritimus,F,AGMEA,WO,,5,y,,,,,,A10044,adult_female,Letcher
Canada,A3,Southern Hudson Bay,2010,Ursus maritimus,I,AGMEA,WO,,3,y,,,,,,A10045,juvenile,Letcher
Canada,A3,Southern Hudson Bay,2010,Ursus maritimus,I,AGMEA,WO,,4,y,,,,,,A10046,juvenile,Letcher
Canada,A3,Southern Hudson Bay,2010,Ursus maritimus,I,AGMEA,WO,,4,y,,,,,,A10047,juvenile,Letcher
Canada,A3,Southern Hudson Bay,2010,Ursus maritimus,M,AGMEA,WO,,15,y,,,,,,A10048,adult_male,Letcher
Canada,A3,Southern Hudson Bay,2012,Ursus maritimus,M,AGMEA,WO,,7,y,,,,,,A10050,adult_male,Letcher
Canada,A3,Southern Hudson Bay,2012,Ursus maritimus,M,AGMEA,WO,,16,y,,,,,,A10051,adult_male,Letcher
Canada,A3,Southern Hudson Bay,2012,Ursus maritimus,M,AGMEA,WO,,8,y,,,,,,A10052,adult_male,Letcher
Canada,A3,Southern Hudson Bay,2012,Ursus maritimus,I,AGMEA,WO,,4,y,,,,,,A10053,juvenile,Letcher
Canada,A3,Southern Hudson Bay,2012,Ursus maritimus,M,AGMEA,WO,,5,y,,,,,,A10054,adult_male,Letcher
Canada,A3,Southern Hudson Bay,2012,Ursus maritimus,I,AGMEA,WO,,3,y,,,,,,A10055,juvenile,Letcher
Canada,A3,Southern Hudson Bay,2012,Ursus maritimus,M,AGMEA,WO,,7,y,,,,,,A10056,adult_male,Letcher
Canada,A3,Southern Hudson Bay,2012,Ursus maritimus,M,AGMEA,WO,,7,y,,,,,,A10057,adult_male,Letcher
Canada,A3,Southern Hudson Bay,2012,Ursus maritimus,M,AGMEA,WO,,13,y,,,,,,A10058,adult_male,Letcher
Canada,A3,Southern Hudson Bay,2012,Ursus maritimus,I,AGMEA,WO,,3,y,,,,,,A10059,juvenile,Letcher
Canada,A3,Southern Hudson Bay,2012,Ursus maritimus,I,AGMEA,WO,,3,y,,,,,,A10060,juvenile,Letcher
Canada,A3,Southern Hudson Bay,2012,Ursus maritimus,I,AGMEA,WO,,4,y,,,,,,A10061,juvenile,Letcher
Canada,A3,Southern Hudson Bay,2012,Ursus maritimus,M,AGMEA,WO,,6,y,,,,,,A10062,adult_male,Letcher
Canada,A3,Southern Hudson Bay,2012,Ursus maritimus,I,AGMEA,WO,,3,y,,,,,,A10063,juvenile,Letcher
Canada,A3,Southern Hudson Bay,2012,Ursus maritimus,F,AGMEA,WO,,6,y,,,,,,A10064,adult_female,Letcher
Canada,A3,Southern Hudson Bay,2012,Ursus maritimus,F,AGMEA,WO,,10,y,,,,,,A10065,adult_female,Letcher
Canada,A3,Southern Hudson Bay,2012,Ursus maritimus,M,AGMEA,WO,,7,y,,,,,,A10066,adult_male,Letcher
Canada,A3,Southern Hudson Bay,2012,Ursus maritimus,I,AGMEA,WO,,2,y,,,,,,A10067,juvenile,Letcher
Canada,A3,Southern Hudson Bay,2012,Ursus maritimus,I,AGMEA,WO,,4,y,,,,,,A10068,juvenile,Letcher
Canada,A3,Southern Hudson Bay,2012,Ursus maritimus,M,AGMEA,WO,,10,y,,,,,,A10069,adult_male,Letcher
Canada,A3,Southern Hudson Bay,2012,Ursus maritimus,M,AGMEA,WO,,7,y,,,,,,A10070,adult_male,Letcher
Canada,A3,Southern Hudson Bay,2012,Ursus maritimus,M,AGMEA,WO,,9,y,,,,,,A10071,adult_male,Letcher
Canada,A3,Southern Hudson Bay,2013,Ursus maritimus,F,AGMEA,WO,,7,y,,,,,,A10072,adult_female,Letcher
Canada,A3,Southern Hudson Bay,2013,Ursus maritimus,M,AGMEA,WO,,8,y,,,,,,A10073,adult_male,Letcher
Canada,A3,Southern Hudson Bay,2013,Ursus maritimus,M,AGMEA,WO,,5,y,,,,,,A10074,adult_male,Letcher
Canada,A3,Southern Hudson Bay,2013,Ursus maritimus,M,AGMEA,WO,,8,y,,,,,,A10075,adult_male,Letcher
Canada,A3,Southern Hudson Bay,2013,Ursus maritimus,I,AGMEA,WO,,3,y,,,,,,A10076,juvenile,Letcher
Canada,A3,Southern Hudson Bay,2013,Ursus maritimus,I,AGMEA,WO,,3,y,,,,,,A10077,juvenile,Letcher
Canada,A3,Southern Hudson Bay,2013,Ursus maritimus,I,AGMEA,WO,,3,y,,,,,,A10078,juvenile,Letcher
Canada,A3,Southern Hudson Bay,2013,Ursus maritimus,M,AGMEA,WO,,18,y,,,,,,A10079,adult_male,Letcher
Canada,A3,Southern Hudson Bay,2013,Ursus maritimus,M,AGMEA,WO,,6,y,,,,,,A10080,adult_male,Letcher
Canada,A3,Southern Hudson Bay,2013,Ursus maritimus,M,AGMEA,WO,,4,y,,,,,,A10081,adult_male,Letcher
Canada,A3,Southern Hudson Bay,2013,Ursus maritimus,M,AGMEA,WO,,6,y,,,,,,A10082,adult_male,Letcher
Canada,A3,Southern Hudson Bay,2013,Ursus maritimus,I,AGMEA,WO,,3,y,,,,,,A10083,juvenile,Letcher
Canada,A3,Southern Hudson Bay,2013,Ursus maritimus,I,AGMEA,WO,,2,y,,,,,,A10084,juvenile,Letcher
Canada,A3,Southern Hudson Bay,2013,Ursus maritimus,F,AGMEA,WO,,7,y,,,,,,A10085,adult_female,Letcher
Canada,A3,Southern Hudson Bay,2013,Ursus maritimus,F,AGMEA,WO,,5,y,,,,,,A10086,adult_female,Letcher
Canada,A3,Southern Hudson Bay,2013,Ursus maritimus,M,AGMEA,WO,,5,y,,,,,,A10087,adult_male,Letcher
Canada,A3,Southern Hudson Bay,2013,Ursus maritimus,M,AGMEA,WO,,7,y,,,,,,A10088,adult_male,Letcher
Canada,A3,Southern Hudson Bay,2013,Ursus maritimus,I,AGMEA,WO,,4,y,,,,,,A10089,juvenile,Letcher
Canada,A3,Southern Hudson Bay,2013,Ursus maritimus,F,AGMEA,WO,,6,y,,,,,,A10090,adult_female,Letcher
Canada,A3,Southern Hudson Bay,2013,Ursus maritimus,I,AGMEA,WO,,3,y,,,,,,A10091,juvenile,Letcher
Canada,A3,Southern Hudson Bay,2013,Ursus maritimus,F,AGMEA,WO,,5,y,,,,,,A10092,adult_female,Letcher
Canada,A3,Southern Hudson Bay,2013,Ursus maritimus,M,AGMEA,WO,,14,y,,,,,,A10093,adult_male,Letcher
Canada,A3,Southern Hudson Bay,2013,Ursus maritimus,M,AGMEA,WO,,6,y,,,,,,A10094,adult_male,Letcher
Canada,A3,Southern Hudson Bay,2013,Ursus maritimus,I,AGMEA,WO,,4,y,,,,,,A10095,juvenile,Letcher
Canada,A3,Southern Hudson Bay,2014,Ursus maritimus,I,AGMEA,WO,,4,y,,,,,,A10096,juvenile,Letcher
Canada,A3,Southern Hudson Bay,2014,Ursus maritimus,M,AGMEA,WO,,12,y,,,,,,A10097,adult_male,Letcher
Canada,A3,Southern Hudson Bay,2014,Ursus maritimus,M,AGMEA,WO,,7,y,,,,,,A10098,adult_male,Letcher
Canada,A3,Southern Hudson Bay,2014,Ursus maritimus,M,AGMEA,WO,,9,y,,,,,,A10099,adult_male,Letcher
Canada,A3,Southern Hudson Bay,2014,Ursus maritimus,M,AGMEA,WO,,9,y,,,,,,A10100,adult_male,Letcher
Canada,A3,Southern Hudson Bay,2014,Ursus maritimus,M,AGMEA,WO,,13,y,,,,,,A10101,adult_male,Letcher
Canada,A3,Southern Hudson Bay,2014,Ursus maritimus,M,AGMEA,WO,,5,y,,,,,,A10102,adult_male,Letcher
Canada,A3,Southern Hudson Bay,2014,Ursus maritimus,M,AGMEA,WO,,11,y,,,,,,A10103,adult_male,Letcher
Canada,A3,Southern Hudson Bay,2014,Ursus maritimus,M,AGMEA,WO,,15,y,,,,,,A10104,adult_male,Letcher
Canada,A3,Southern Hudson Bay,2014,Ursus maritimus,F,AGMEA,WO,,10,y,,,,,,A10105,adult_female,Letcher
Canada,A3,Southern Hudson Bay,2015,Ursus maritimus,M,AGMEA,WO,,9,y,,,,,,A10106,adult_male,Letcher
Canada,A3,Southern Hudson Bay,2015,Ursus maritimus,F,AGMEA,WO,,9,y,,,,,,A10107,adult_female,Letcher
Canada,A3,Southern Hudson Bay,2015,Ursus maritimus,I,AGMEA,WO,,4,y,,,,,,A10108,juvenile,Letcher
Canada,A3,Southern Hudson Bay,2015,Ursus maritimus,M,AGMEA,WO,,11,y,,,,,,A10109,adult_male,Letcher
Canada,A3,Southern Hudson Bay,2015,Ursus maritimus,M,AGMEA,WO,,11,y,,,,,,A10110,adult_male,Letcher
Canada,A3,Southern Hudson Bay,2015,Ursus maritimus,I,AGMEA,WO,,3,y,,,,,,A10111,juvenile,Letcher
Canada,A3,Southern Hudson Bay,2015,Ursus maritimus,M,AGMEA,WO,,15,y,,,,,,A10112,adult_male,Letcher
Canada,A3,Southern Hudson Bay,2015,Ursus maritimus,M,AGMEA,WO,,13,y,,,,,,A10113,adult_male,Letcher
Canada,A3,Southern Hudson Bay,2015,Ursus maritimus,F,AGMEA,WO,,22,y,,,,,,A10114,adult_female,Letcher
Canada,A3,Southern Hudson Bay,2015,Ursus maritimus,M,AGMEA,WO,,13,y,,,,,,A10115,adult_male,Letcher
Canada,A6,Western Hudson Bay,2007,Ursus maritimus,I,AGMEA,WO,,4,y,,,,,,A10136,juvenile,Letcher
Canada,A6,Western Hudson Bay,2007,Ursus maritimus,I,AGMEA,WO,,4,y,,,,,,A10137,juvenile,Letcher
Canada,A6,Western Hudson Bay,2007,Ursus maritimus,M,AGMEA,WO,,15,y,,,,,,A10138,adult_male,Letcher
Canada,A6,Western Hudson Bay,2007,Ursus maritimus,M,AGMEA,WO,,29,y,,,,,,A10139,adult_male,Letcher
Canada,A6,Western Hudson Bay,2007,Ursus maritimus,I,AGMEA,WO,,3,y,,,,,,A10140,juvenile,Letcher
Canada,A6,Western Hudson Bay,2007,Ursus maritimus,I,AGMEA,WO,,4,y,,,,,,A10141,juvenile,Letcher
Canada,A6,Western Hudson Bay,2007,Ursus maritimus,F,AGMEA,WO,,12,y,,,,,,A10142,adult_female,Letcher
Canada,A6,Western Hudson Bay,2007,Ursus maritimus,M,AGMEA,WO,,7,y,,,,,,A10143,adult_male,Letcher
Canada,A6,Western Hudson Bay,2007,Ursus maritimus,M,AGMEA,WO,,11,y,,,,,,A10144,adult_male,Letcher
Canada,A6,Western Hudson Bay,2007,Ursus maritimus,M,AGMEA,WO,,5,y,,,,,,A10145,adult_male,Letcher
Canada,A6,Western Hudson Bay,2007,Ursus maritimus,M,AGMEA,WO,,10,y,,,,,,A10146,adult_male,Letcher
Canada,A6,Western Hudson Bay,2009,Ursus maritimus,I,AGMEA,WO,,2,y,,,,,,A10148,juvenile,Letcher
Canada,A6,Western Hudson Bay,2010,Ursus maritimus,M,AGMEA,WO,,5,y,,,,,,A10156,adult_male,Letcher
Canada,A6,Western Hudson Bay,2010,Ursus maritimus,F,AGMEA,WO,,6,y,,,,,,A10157,adult_female,Letcher
Canada,A6,Western Hudson Bay,2010,Ursus maritimus,I,AGMEA,WO,,3,y,,,,,,A10158,juvenile,Letcher
Canada,A6,Western Hudson Bay,2011,Ursus maritimus,I,AGMEA,WO,,4,y,,,,,,A10159,juvenile,Letcher
Canada,A6,Western Hudson Bay,2011,Ursus maritimus,M,AGMEA,WO,,5,y,,,,,,A10160,adult_male,Letcher
Canada,A6,Western Hudson Bay,2011,Ursus maritimus,I,AGMEA,WO,,2,y,,,,,,A10161,juvenile,Letcher
Canada,A6,Western Hudson Bay,2011,Ursus maritimus,I,AGMEA,WO,,3,y,,,,,,A10162,juvenile,Letcher
Canada,A6,Western Hudson Bay,2011,Ursus maritimus,I,AGMEA,WO,,2,y,,,,,,A10163,juvenile,Letcher
Canada,A6,Western Hudson Bay,2011,Ursus maritimus,M,AGMEA,WO,,16,y,,,,,,A10164,adult_male,Letcher
Canada,A6,Western Hudson Bay,2011,Ursus maritimus,I,AGMEA,WO,,3,y,,,,,,A10165,juvenile,Letcher
Canada,A6,Western Hudson Bay,2011,Ursus maritimus,I,AGMEA,WO,,2,y,,,,,,A10166,juvenile,Letcher
Canada,A6,Western Hudson Bay,2011,Ursus maritimus,M,AGMEA,WO,,7,y,,,,,,A10167,adult_male,Letcher
Canada,A6,Western Hudson Bay,2012,Ursus maritimus,M,AGMEA,WO,,5,y,,,,,,A10168,adult_male,Letcher
Canada,A6,Western Hudson Bay,2012,Ursus maritimus,M,AGMEA,WO,,7,y,,,,,,A10169,adult_male,Letcher
Canada,A6,Western Hudson Bay,2012,Ursus maritimus,M,AGMEA,WO,,12,y,,,,,,A10170,adult_male,Letcher
Canada,A6,Western Hudson Bay,2012,Ursus maritimus,M,AGMEA,WO,,7,y,,,,,,A10171,adult_male,Letcher
Canada,A6,Western Hudson Bay,2012,Ursus maritimus,M,AGMEA,WO,,10,y,,,,,,A10172,adult_male,Letcher
Canada,A6,Western Hudson Bay,2012,Ursus maritimus,M,AGMEA,WO,,5,y,,,,,,A10173,adult_male,Letcher
Canada,A6,Western Hudson Bay,2012,Ursus maritimus,I,AGMEA,WO,,3,y,,,,,,A10174,juvenile,Letcher
Canada,A6,Western Hudson Bay,2012,Ursus maritimus,I,AGMEA,WO,,4,y,,,,,,A10175,juvenile,Letcher
Canada,A6,Western Hudson Bay,2012,Ursus maritimus,M,AGMEA,WO,,11,y,,,,,,A10176,adult_male,Letcher
Canada,A6,Western Hudson Bay,2012,Ursus maritimus,I,AGMEA,WO,,4,y,,,,,,A10177,juvenile,Letcher
Canada,A6,Western Hudson Bay,2012,Ursus maritimus,I,AGMEA,WO,,3,y,,,,,,A10178,juvenile,Letcher
Canada,A6,Western Hudson Bay,2012,Ursus maritimus,I,AGMEA,WO,,4,y,,,,,,A10179,juvenile,Letcher
Canada,A6,Western Hudson Bay,2014,Ursus maritimus,F,AGMEA,WO,,6,y,,,,,,A10197,adult_female,Letcher
Canada,A6,Western Hudson Bay,2014,Ursus maritimus,I,AGMEA,WO,,3,y,,,,,,A10198,juvenile,Letcher
Canada,A6,Western Hudson Bay,2014,Ursus maritimus,I,AGMEA,WO,,4,y,,,,,,A10199,juvenile,Letcher
Canada,A6,Western Hudson Bay,2014,Ursus maritimus,F,AGMEA,WO,,20,y,,,,,,A10200,adult_female,Letcher
Canada,A6,Western Hudson Bay,2014,Ursus maritimus,M,AGMEA,WO,,8,y,,,,,,A10201,adult_male,Letcher
Canada,A6,Western Hudson Bay,2014,Ursus maritimus,M,AGMEA,WO,,11,y,,,,,,A10202,adult_male,Letcher
Canada,A6,Western Hudson Bay,2014,Ursus maritimus,F,AGMEA,WO,,6,y,,,,,,A10203,adult_female,Letcher
Canada,A6,Western Hudson Bay,2014,Ursus maritimus,M,AGMEA,WO,,16,y,,,,,,A10204,adult_male,Letcher
Canada,A6,Western Hudson Bay,2014,Ursus maritimus,M,AGMEA,WO,,6,y,,,,,,A10205,adult_male,Letcher
Canada,A6,Western Hudson Bay,2014,Ursus maritimus,F,AGMEA,WO,,6,y,,,,,,A10206,adult_female,Letcher
Canada,A6,Western Hudson Bay,2015,Ursus maritimus,I,AGMEA,WO,,2,y,,,,,,A10207,juvenile,Letcher
Canada,A6,Western Hudson Bay,2015,Ursus maritimus,F,AGMEA,WO,,6,y,,,,,,A10208,adult_female,Letcher
Canada,A6,Western Hudson Bay,2015,Ursus maritimus,F,AGMEA,WO,,9,y,,,,,,A10209,adult_female,Letcher
Canada,A6,Western Hudson Bay,2015,Ursus maritimus,I,AGMEA,WO,,2,y,,,,,,A10210,juvenile,Letcher
Canada,A6,Western Hudson Bay,2015,Ursus maritimus,M,AGMEA,WO,,9,y,,,,,,A10211,adult_male,Letcher
Canada,A6,Western Hudson Bay,2015,Ursus maritimus,M,AGMEA,WO,,11,y,,,,,,A10212,adult_male,Letcher
Canada,A6,Western Hudson Bay,2015,Ursus maritimus,I,AGMEA,WO,,2,y,,,,,,A10213,juvenile,Letcher
Canada,A6,Western Hudson Bay,2015,Ursus maritimus,F,AGMEA,WO,,13,y,,,,,,A10214,adult_female,Letcher
Canada,A6,Western Hudson Bay,2015,Ursus maritimus,F,AGMEA,WO,,5,y,,,,,,A10215,adult_female,Letcher
